<?xml version="1.0" encoding="UTF-8"?>
<project-private xmlns="http://www.netbeans.org/ns/project-private/1">
    <editor-bookmarks xmlns="http://www.netbeans.org/ns/editor-bookmarks/2" lastBookmarkId="0"/>
    <open-files xmlns="http://www.netbeans.org/ns/projectui-open-files/2">
        <group>
            <file>file:/C:/Users/skyre/Documents/NetBeansProjects/project324_2/src/GraphFramework/ShortestPathAlgorithm.java</file>
            <file>file:/C:/Users/skyre/Documents/NetBeansProjects/project324_2/src/AirFreightApp/AirFreightApp.java</file>
            <file>file:/C:/Users/skyre/Documents/NetBeansProjects/project324_2/src/GraphFramework/Vertex.java</file>
            <file>file:/C:/Users/skyre/Documents/NetBeansProjects/project324_2/graphFile.txt</file>
            <file>file:/C:/Users/skyre/Documents/NetBeansProjects/project324_2/src/GraphFramework/Edge.java</file>
            <file>file:/C:/Users/skyre/Documents/NetBeansProjects/project324_2/src/GraphFramework/SingleSourceSPAlg.java</file>
            <file>file:/C:/Users/skyre/Documents/NetBeansProjects/project324_2/src/AirFreightApp/Route.java</file>
            <file>file:/C:/Users/skyre/Documents/NetBeansProjects/project324_2/src/AirFreightApp/Location.java</file>
            <file>file:/C:/Users/skyre/Documents/NetBeansProjects/project324_2/src/GraphFramework/Graph.java</file>
            <file>file:/C:/Users/skyre/Documents/NetBeansProjects/project324_2/src/AirFreightApp/AFRouteMap.java</file>
            <file>file:/C:/Users/skyre/Documents/NetBeansProjects/project324_2/src/GraphFramework/DBAllSourceSPAlg.java</file>
        </group>
    </open-files>
</project-private>
